areacd,occupancy_rating_bedrooms_6a-001,occupancy_rating_bedrooms_6a-002,occupancy_rating_bedrooms_6a-003,occupancy_rating_bedrooms_6a-004,occupancy_rating_bedrooms_6a-005
E00024141,31.6,50.4,15.8,2.3,0
E00024142,41.4,42.3,16.2,0,0
E00024143,39.2,37.6,19.2,3.2,0.8
E00024144,27.3,41.3,29.8,1.7,0
E00024145,59.2,29.2,9.2,2.3,0
E00024146,48.4,42.1,9.5,0,0
E00024147,55.7,35.1,6.9,0.8,1.5
E00024148,47.9,34.7,15.7,1.7,0
E00024150,29,49.5,17.8,2.8,0.9
E00024151,38.7,33.3,23.4,3.6,0.9
E00024152,11.1,34,50.7,4.2,0
E00024153,15,50.4,31.9,0.9,1.8
E00024154,37.9,41.1,18.5,2.4,0
E00024155,25.2,40.9,29.6,4.3,0
E00024156,32.9,38.6,23.4,5.1,0
E00024157,26.8,42.3,17.9,11.4,1.6
E00024158,13.8,34.8,45.7,5.1,0.7
E00024159,26.8,60.2,10.6,2.4,0
E00024160,14,46.3,33.9,5,0.8
E00024161,19.4,51.6,27.7,1.3,0
E00024162,26.5,51.5,21.3,0.7,0
E00024163,7.8,25,63.3,3.1,0.8
E00024164,24.2,44,26.9,4.4,0.5
E00024165,14.3,27.7,57.1,0.9,0
E00024166,31.6,39.7,25.7,2.2,0.7
E00024167,42.6,27.2,28.7,1.5,0
E00024168,21,37.8,39.9,1.4,0
E00024169,9.2,54.6,33.1,3.1,0
E00024170,25.4,42,29,3.6,0
E00024171,45.5,42.4,10.9,1.2,0
E00024172,8.7,59.4,29,2.9,0
E00024173,14.9,33.6,48.5,2.2,0.7
E00024175,20,51.2,20,7.2,1.6
E00024176,47.5,40.8,11.7,0,0
E00024177,51,40.6,8.4,0,0
E00024178,60.5,31.9,3.4,4.2,0
E00024179,62.1,25.7,10.7,1.4,0
E00024180,29.2,52.3,16.9,1.5,0
E00024181,57.3,28.2,11.7,1,1.9
E00024182,60.4,33,4.7,0.9,0.9
E00024183,33,48.1,18.4,0.5,0
E00024184,43.6,45.3,11.1,0,0
E00024185,32.2,33.9,33.9,0,0
E00024186,50,39.8,8.6,0,1.6
E00024187,51.2,37.6,10.4,0.8,0
E00024230,33.3,39,24.4,3.3,0
E00024231,14.7,48.3,32.8,4.3,0
E00024232,31.3,42.9,25,0.9,0
E00024233,51.2,34.6,14.2,0,0
E00024234,71.8,21.8,5.6,0.8,0
E00024235,28.3,31.6,34.2,3.9,2
E00024236,42.1,32.7,25.2,0,0
E00024237,43,38,18.2,0.8,0
E00024238,46,43.9,9.1,1,0
E00024239,50.3,40.4,9.3,0,0
E00024240,50.4,41.2,8.4,0,0
E00024241,22.3,54.6,21.5,1.5,0
E00024242,39.8,51.9,7.5,0.8,0
E00024243,55.1,36.2,7.1,1.6,0
E00024244,39.7,50,9.5,0.9,0
E00024245,22.7,38.7,36.1,2.5,0
E00024246,47.7,43.8,8.5,0,0
E00024247,48.8,34.4,16,0.8,0
E00024248,55.6,38.9,4.8,0.8,0
E00024249,52.8,32,13.6,1.6,0
E00024250,58.5,30.8,8.5,2.3,0
E00024251,67.2,27.3,5.5,0,0
E00024252,45.5,41.6,11,1.9,0
E00024253,32.7,44.9,18.7,3.7,0
E00024254,6.7,17.5,65.8,10,0
E00024255,16.4,41.8,37.3,4.5,0
E00024256,17,26.2,44.7,12.1,0
E00024257,16,27.7,47.1,7.6,1.7
E00024258,16.1,43.5,37.9,2.4,0
E00024259,54,34.1,11.9,0,0
E00024260,63,28,8,1,0
E00024261,78.4,18.4,3.2,0,0
E00024262,58.3,30.4,9.6,1.7,0
E00024263,35.5,40.6,21.9,1.9,0
E00024264,54.2,35.6,10.2,0,0
E00024265,33.8,56.9,9.2,0,0
E00024266,52.6,31.9,14.7,0.9,0
E00024267,47.5,43.3,9.2,0,0
E00024268,48.4,37.3,13.5,0.8,0
E00024269,45,45,9.9,0,0
E00024270,44.1,41.7,13.4,0.8,0
E00024271,18.6,55.9,22,3.4,0
E00024272,40.4,39.5,18.4,1.8,0
E00024273,31,48.7,18.6,0.9,0.9
E00024274,56.5,29.8,12.2,1.5,0
E00024275,21.4,35.7,36.7,6.1,0
E00024276,11.5,28.5,46.9,11.5,1.5
E00024277,38.1,41.7,18,2.2,0
E00024278,28.8,47.7,22,0,1.5
E00024279,25.9,36.2,34.5,3.4,0
E00024280,23.5,31.1,37.9,6.8,0.8
E00024281,19.1,28.9,46.1,5.3,0.7
E00024282,37.6,36.3,24.8,0.6,0.6
E00024283,8.1,36.6,47.2,6.5,1.6
E00024284,28.7,27,34.4,7.4,2.5
E00024285,28.7,33.1,37.5,0.7,0
E00024286,15.6,26,49.4,9.1,0
E00024287,8.7,29.5,55,6.7,0
E00024288,21.1,35.9,35.2,6.3,1.6
E00024289,30.9,36.8,28.7,2.2,1.5
E00024290,6.6,17.2,73,3.3,0
E00024291,30.1,48,21.1,0.8,0
E00024292,13.2,44.6,33.9,5.8,2.5
E00024293,42.9,40.6,13.5,1.5,1.5
E00024294,23.1,40.1,34,2.7,0
E00024295,51.8,29.8,17,1.4,0
E00024296,27,52.5,17.2,2.5,0.8
E00024297,8.3,52.3,32.1,5.5,1.8
E00024298,33.3,28.3,32.5,5,0.8
E00024299,35.5,51.2,12.4,0.8,0
E00024300,19.4,46.3,29.7,4,0.6
E00024301,5.7,31.7,56.9,4.9,0.8
E00024302,21.1,50.5,28.4,0,0
E00024303,27.6,59,13.3,0,0
E00024304,23.9,17.1,48.7,7.7,2.6
E00024305,68.3,21.4,7.9,2.4,0
E00024306,28.8,27,40.5,3.6,0
E00024307,13.7,41.9,39.3,4.3,0.9
E00024308,58.5,29.6,10.4,1.5,0
E00024309,55,30.3,12.8,1.8,0
E00024310,30,50.8,18.5,0.8,0
E00024311,54.4,30.2,15.4,0,0
E00024312,28.7,53.3,16.4,1.6,0
E00024314,49,39.1,11.3,0.7,0
E00024315,16.7,43.9,36.8,1.8,0.9
E00024316,17.9,26.9,43.4,11,0.7
E00024317,12.1,23.6,55.7,7.1,1.4
E00024318,13,29.7,46.4,10.9,0
E00024319,14.7,57.8,25.4,1.7,0.4
E00024320,82,15.6,2.5,0,0
E00024321,51.5,36.9,9.7,1.9,0
E00024322,36.9,37.9,24.3,1,0
E00024323,59.3,27.1,13.6,0,0
E00024324,47.8,39.7,10.3,2.2,0
E00024325,49.2,38.9,11.9,0,0
E00024326,24.5,53.7,19.7,2,0
E00024327,38.3,51.1,9.8,0,0.8
E00024328,36.6,35.7,25.9,1.8,0
E00024329,40.6,45.8,13.7,0,0
E00024330,13.7,36.3,47.6,2.4,0
E00024331,35.8,42.3,19.7,1.5,0.7
E00024332,59.1,27.7,12.6,0.6,0
E00024333,14.9,44,36.6,4.5,0
E00024334,27.4,45.2,23.7,3,0.7
E00024335,46.9,39.8,10.6,2.7,0
E00024336,76.7,18.3,4.2,0.8,0
E00024337,63.6,28.8,7.6,0,0
E00024338,51.5,40,7.7,0.8,0
E00024339,23.7,51.7,24.6,0,0
E00024340,52.7,30.8,15.1,0.7,0.7
E00024341,22.5,23.3,45,8.5,0.8
E00024342,16.2,40.4,34.6,6.6,2.2
E00024343,18.5,23.7,53.3,4.4,0
E00024344,8.3,30.1,58.3,2.6,0.6
E00024345,18.8,30.2,44.8,5.2,1
E00024346,18.1,41.9,37.1,2.9,0
E00024347,61.2,32.1,6.7,0,0
E00024348,44.5,45.4,9.2,0.8,0
E00024349,31.5,51.5,16.9,0,0
E00024350,36.6,50.9,12.5,0,0
E00024351,47.3,41.2,10.8,0.7,0
E00024352,32.8,48,19.2,0,0
E00024353,39.3,36.6,22.3,1.8,0
E00024354,82.4,16,1.5,0,0
E00024355,69.2,24.2,6.7,0,0
E00024356,38.5,38.5,21.4,1.6,0
E00024357,40.9,48.7,10.4,0,0
E00024358,72.3,21.8,5,0.8,0
E00024359,62.1,29.3,8.6,0,0
E00024360,21.1,58.8,19.3,0.9,0
E00024361,73.5,18.9,6.1,1.5,0
E00024362,55.2,35,8.4,0.7,0.7
E00024363,56.9,33.1,10,0,0
E00024364,18.3,44.3,35.1,1.5,0.8
E00024365,47.4,33.6,18.1,0.9,0
E00024366,7.1,34,40.4,16.3,2.1
E00024367,21.2,20.5,37.1,14.4,6.8
E00024369,23.5,32.4,32.4,8.8,2.9
E00024370,12.1,28,36.3,18.5,5.1
E00024371,11.3,25.6,48.9,10.5,3.8
E00024372,15.1,37.4,22.3,7.9,17.3
E00024373,11.9,22.4,54.5,10.4,0.7
E00024374,6.8,24.8,53.8,12.8,1.7
E00024375,12.1,40.7,28.6,13.6,5
E00024376,10.8,28.5,46.2,7.6,7
E00024377,11.2,43.9,25.2,15,4.7
E00024378,6,34,28.7,22,9.3
E00024379,33,29.5,30.4,5.4,1.8
E00024380,27.2,29.8,27.2,11.4,4.4
E00024381,20.3,25.2,39,10.6,4.9
E00024383,16.5,23,39.6,13.7,7.2
E00024384,26.2,34,29.1,6.8,3.9
E00024385,29.7,32.2,28.8,5.1,4.2
E00024386,33.8,33.1,22.3,7.9,2.9
E00024387,24.2,33.3,30,5,7.5
E00024388,23.3,36.8,33.1,6.8,0
E00024389,22,50,22.7,4,1.3
E00024391,5.8,52.1,41.3,0.8,0
E00024392,10.9,37.2,30.1,12.8,9
E00024394,16.7,44.7,31.6,6.1,0.9
E00024395,21.4,45.5,23.2,5.4,4.5
E00024396,28.6,40.3,24.4,5.9,0.8
E00024397,20.5,24.4,48,5.5,1.6
E00024398,19.4,9.5,54,12.8,4.3
E00024399,35.8,45.7,17.9,0,0.7
E00024400,21.3,27.2,46.3,2.2,2.9
E00024401,38.1,27,28.6,4.8,1.6
E00024402,43,27.3,26.6,2.3,0.8
E00024403,24.2,24.2,50.8,0.8,0
E00024404,10,60,26.9,2.3,0.8
E00024405,14.3,25.6,38.3,16.5,5.3
E00024406,12.2,32.7,36.7,14.3,4.1
E00024407,4.9,32.8,48,11.3,2.9
E00024408,15.1,25,49.5,8.9,1.6
E00024409,13.3,37,31.9,11.1,6.7
E00024410,9.4,25.2,43.2,18.7,3.6
E00024411,26.8,22,32.5,15.4,3.3
E00024412,8.9,37.4,39,12.2,2.4
E00024413,5.6,17.6,48.6,9.2,19
E00024416,2.6,35,58.1,3.4,0.9
E00024417,12.8,24.8,43.2,12,7.2
E00024418,20.8,18.9,42.5,14.2,3.8
E00024419,14.6,29.1,35,16.5,4.9
E00024420,13.6,17.5,54.4,13.6,1
E00024421,2.7,33,56.3,7.1,0.9
E00024422,22.7,37.1,22.7,12.9,4.5
E00024423,10.9,31.1,32.8,18.5,6.7
E00024424,12,51.3,22.2,9.4,5.1
E00024425,18.2,25.6,44.6,9.1,2.5
E00024426,11.7,35.9,32,12.6,7.8
E00024427,8.3,31.5,46.3,10.2,3.7
E00024428,10.2,37.8,33.1,16.5,2.4
E00024429,20.3,34.8,32.6,8.7,3.6
E00024430,6,32,57,3,2
E00024431,10.4,12.6,66.7,8.9,1.5
E00024432,3.3,7.5,87.5,1.7,0
E00024433,12.7,13.6,60,11.8,1.8
E00024434,21.3,32,24.6,18.9,3.3
E00024435,13.3,38.9,32.2,12.2,3.3
E00024436,9,36.8,47.7,4.5,1.9
E00024437,7.6,13.2,68.1,8.3,2.8
E00024438,7.8,17.5,65.7,6,3
E00024439,3,9,86.5,1.5,0
E00024440,3.4,37.6,49,7.4,2.7
E00024441,4.3,28.4,60.3,5.7,1.4
E00024442,17.5,40,26.7,14.2,1.7
E00024443,11.9,39.1,30.5,12.6,6
E00024444,10.2,33.1,50.8,5.1,0.8
E00024445,13.5,27.1,45.1,13.5,0.8
E00024446,11.3,18.8,48.1,18.8,3
E00024447,29.2,36.4,24,7.8,2.6
E00024448,13.8,25.4,37.7,16.9,6.2
E00024449,19.4,33.6,39.6,6,1.5
E00024450,21.1,23.6,30.9,17.1,7.3
E00024451,16.1,42.7,33.9,7.3,0
E00024453,15.4,33.3,27.6,17.9,5.7
E00024454,6.1,26.7,39.7,16.8,10.7
E00024455,30.6,19.4,38.9,10.2,0.9
E00024456,10.6,43,35.1,10.6,0.7
E00024457,8.8,38.6,38.6,11.4,2.6
E00024458,7.8,44.8,40.5,6,0.9
E00024459,3.6,30.7,46.7,10.2,8.8
E00024460,5.3,30.3,53.3,8.6,2.6
E00024461,19.2,30,31.5,15.4,3.8
E00024462,10.3,42.1,29,14,4.7
E00024463,19.8,38.2,33.6,7.6,0.8
E00024464,6.6,29.8,46.3,14,3.3
E00024466,28.2,46.2,21.4,3.4,0.9
E00024467,19.8,50.4,22.9,6.9,0
E00024468,10.4,36.8,42.4,8,2.4
E00024470,22.1,37.5,28.7,8.8,2.9
E00024471,11.3,32.2,51.3,5.2,0
E00024472,10.6,53.8,30.3,4.5,0.8
E00024473,25.8,43.2,28,3,0
E00024474,6.3,43.7,44.4,4.8,0.8
E00024476,20.8,53.8,25.4,0,0
E00024477,24.8,48.8,22.4,4,0
E00024480,55.6,34.1,9.5,0,0.8
E00024486,18.4,33.7,39.8,6.1,2
E00024487,17.9,35.8,33.1,11.3,2
E00024504,18.6,25.1,48.2,8,0
E00024535,59.1,22.6,13.4,4.9,0
E00024537,9.4,22.4,48.2,12.9,7.1
E00024538,18.5,27.8,25.9,22.2,5.6
E00024539,4.6,13.1,73.1,3.8,5.4
E00024540,11.8,31.3,33.3,16.7,6.9
E00024541,10.5,38,26.9,18.7,5.8
E00024542,3.7,39.8,51.6,3.1,1.9
E00024543,2.1,37.1,52.4,7.7,0.7
E00024544,10.7,38.6,32.1,12.9,5.7
E00024545,12.2,24.4,50.4,11.4,1.6
E00024546,14.7,18.3,46.8,16.5,3.7
E00024547,1.4,18.8,67.4,10.9,1.4
E00024548,14.1,24.4,45.9,11.9,3.7
E00024551,25.4,20.9,34.3,17.9,1.5
E00024552,12.6,22.2,38.5,17.8,8.9
E00024553,10.2,33.1,35.6,13.6,7.6
E00024554,17.9,31.7,29.3,16.3,4.9
E00024555,5,14.3,70.6,10.1,0
E00024556,8.6,31,34.5,22.4,3.4
E00024557,13.1,25.4,44.6,10.8,6.2
E00024558,8,24.8,50.4,12.8,4
E00024559,21.7,35.7,26.1,11.3,5.2
E00024560,10.9,32.8,36.1,15.1,5
E00024561,25.8,25,31.3,13.3,4.7
E00024562,14.5,30.6,37.1,16.1,1.6
E00024563,8.8,32.7,38.9,15,4.4
E00024565,12.8,26.2,45.1,11,4.9
E00024566,10.9,35.5,32.7,15.5,5.5
E00024567,21.7,27.9,32.6,14,3.9
E00024568,8.6,31.9,37.4,19.6,2.5
E00024569,8.8,29.8,43.9,14.9,2.6
E00024570,21.5,33.8,30.8,11.5,2.3
E00024571,11.5,40.3,29.5,11.5,7.2
E00024572,12.1,28,52.3,6.5,0.9
E00024573,7.4,23.3,48.5,17.2,3.7
E00024574,11.4,44.7,37.9,4.5,1.5
E00024575,8.1,38.4,30.3,16.2,7.1
E00024576,23.1,30.1,36.4,7.7,2.8
E00024577,14.8,43.7,34.5,6.3,0.7
E00024578,32.2,38,26.4,3.3,0
E00024579,14.8,57,26.1,2.1,0
E00024580,8.2,45.1,40.2,4.9,1.6
E00024581,7.4,27,58.2,7.4,0
E00024582,12.7,40,32.7,10,4.5
E00024583,9.8,34.8,38.6,11.4,5.3
E00024584,17.6,37.6,35.2,7.2,2.4
E00024585,10.6,45.2,38.8,4.3,1.1
E00024586,16.9,24.2,41.9,15.3,1.6
E00024587,12.6,49.5,32.6,4.2,1.1
E00024588,28.2,37.6,31.6,0.9,1.7
E00024589,28.2,32.8,35.9,3.1,0
E00024590,23.4,35.5,29.8,8.1,3.2
E00024591,36.5,35.7,21.7,6.1,0
E00024592,22.1,48.4,23.8,2.5,3.3
E00024593,16.5,25.2,50.4,7.9,0
E00024594,15,30,54.2,0.8,0
E00024595,26.2,44.3,24.6,4.1,0.8
E00024596,25.3,32.9,39.7,2.1,0
E00024597,11.6,45.2,38.4,3.4,1.4
E00024598,20,28.8,45.6,5.6,0
E00024599,8.8,38.5,50,2.7,0
E00024600,21.1,44.2,30.6,3.4,0.7
E00024601,28.3,41.7,26.2,2.7,1.1
E00024602,46.7,33.3,18.3,0,1.7
E00024603,3.4,21.6,67.6,5.7,1.7
E00024604,17.9,56.4,22.9,2.9,0
E00024605,26.5,34.2,30.3,9,0
E00024606,31.2,31.8,31.8,5.1,0
E00024607,37.7,35.4,23.1,3.8,0
E00024608,29.4,47.9,19.3,3.4,0
E00024609,14.3,26.5,52,6.1,1
E00024610,23.9,38.1,31.9,6.2,0
E00024611,11.3,29.8,53.6,3.3,2
E00024612,25.5,38,28.8,7.2,0.5
E00024613,13.1,31.4,52.6,2.9,0
E00024614,9.2,49.2,33.8,5.4,2.3
E00024615,19.3,32.8,42,5.9,0
E00024616,29.4,26.9,32.8,7.6,3.4
E00024618,22.7,29.4,44.5,3.4,0
E00024619,12.8,29.7,44.6,12.2,0.7
E00024620,24.3,29.7,35.1,4.7,6.1
E00024621,10.5,42.8,34.2,9.2,3.3
E00024622,25.9,45.4,25,3.7,0
E00024623,4.1,35.2,37.9,14.5,8.3
E00024624,18.2,21.9,40.6,12.3,7
E00024625,9.8,40.4,35.5,13.1,1.1
E00024626,21,35.7,25.9,10.5,7
E00024627,15.7,39.6,38.8,4.5,1.5
E00024628,17.6,17.6,59.4,4.2,1.2
E00024629,15.8,20,52.5,5,6.7
E00024630,31.3,25.7,39.6,3.5,0
E00024631,10.8,41.4,29.7,15.3,2.7
E00024632,18.2,27.3,28.2,14.5,11.8
E00024633,17,31.4,33.3,12.6,5.7
E00024634,11.9,27,32.5,22.2,6.3
E00024635,59.7,30.3,10.1,0,0
E00024636,19.1,47.1,28.9,4,0.9
E00024637,26.3,36.4,37.4,0,0
E00024638,32.5,37.3,25.4,4,0.8
E00024639,7.8,51.9,37.2,2.3,0.8
E00024640,9.9,40.5,47.9,1.7,0
E00024641,9.4,57.5,26.4,6.6,0
E00024642,7.6,48.5,38.6,3.8,1.5
E00024643,32.4,41.7,20.4,5.6,0
E00024644,5.2,33.6,56,4.3,0.9
E00024645,10.1,34.1,35.5,17.4,2.9
E00024646,10.9,35.3,31.9,16.8,5
E00024647,13.2,42.1,38.6,5.3,0.9
E00024648,14.1,40.4,33.3,11.1,1
E00024649,12.2,27.8,46.1,13,0.9
E00024650,26.3,21.1,45.9,6,0.8
E00024651,8.1,39.7,42.6,8.1,1.5
E00024652,9.8,24.6,60.7,4.9,0
E00024653,11.1,20.6,41.3,12.7,14.3
E00024654,5.1,46.7,32.8,13.1,2.2
E00024655,9.4,29.7,54.3,6.5,0
E00024656,8.2,46.4,33.6,10.9,0.9
E00024657,0.9,31.6,52.1,11.1,4.3
E00024659,9.5,43.1,35,10.2,2.2
E00024660,2.5,21.5,75.2,0.8,0
E00024661,9.4,43.8,32.8,13.3,0.8
E00024662,44.1,35.4,18.1,2.4,0
E00024663,32,34.4,28.8,4.8,0
E00024664,34.7,37.3,25.4,0.8,1.7
E00024665,21.1,31.3,38.8,6.8,2
E00024666,33.6,31.5,28.2,4.7,2
E00024667,31.9,31.9,24.8,7.1,4.4
E00024668,17.6,33.3,34.3,8.3,6.5
E00024669,15.7,27.9,31.4,17.9,7.1
E00024670,24.2,26.6,35.5,8.1,5.6
E00024671,14.7,30.1,40.5,11.7,3.1
E00024672,4.8,19.8,65.1,7.9,2.4
E00024673,15.5,42.6,31,7,3.9
E00024674,25.6,24.8,37.6,9.8,2.3
E00024675,15.1,19.3,57.1,4.2,4.2
E00024676,17,29.6,32.6,13.3,7.4
E00024677,55.2,26.4,16.8,0.8,0.8
E00024678,15,39.5,35.3,8.4,1.8
E00024679,15.7,19.1,42.6,17.4,5.2
E00024680,52,28,15.2,3.2,1.6
E00024681,33.8,31.5,24.6,9.2,0.8
E00024682,32.2,21.7,32.2,12.2,1.7
E00024683,29.7,30.5,28.8,9.3,1.7
E00024684,35.1,18,36.9,9,0.9
E00024685,39,27.1,23.7,9.3,0.8
E00024686,18.5,45.2,29.8,5.6,0.8
E00024687,25.3,20.7,30,5.3,18.7
E00024688,37.8,42.9,16.8,2.5,0
E00024689,33.6,45.7,17.2,3.4,0
E00024690,33.1,39.7,22.3,5,0
E00024691,20.8,40,26.4,9.6,3.2
E00024692,29.7,39,25.4,5.1,0.8
E00024693,11.9,39.2,42,7,0
E00024694,18.9,37.1,39,4.4,0.6
E00024695,26.8,37.7,33.3,1.4,0.7
E00024696,22.7,41.4,32,3.9,0
E00024697,13.8,51.7,31,3.4,0
E00024698,40.2,38.6,18.1,2.4,0.8
E00024699,31.2,37,26.6,5.2,0
E00024700,24.8,34.7,34.7,5,0.8
E00024701,33.6,32.1,30.5,3.8,0
E00024702,25.4,38.1,33.1,3.4,0
E00024703,31.5,33.8,25.4,6.2,3.1
E00024811,30,40.5,26.3,2.6,0.5
E00024812,28.1,23.4,44.5,3.9,0
E00024814,27.4,36.3,31.1,5.2,0
E00024815,14.8,49.2,34.4,1.6,0
E00024816,25.4,43,26.8,4.9,0
E00024817,37,40.7,18.5,3.7,0
E00024819,29.5,39.3,30.4,0.9,0
E00024820,24.3,47.9,19.3,6.4,2.1
E00024821,2.9,19.5,71.3,5.7,0.6
E00024822,19.6,52,25.7,2,0.7
E00024823,20.3,25.3,48.7,5.1,0.6
E00024824,48.7,36.8,13.2,1.3,0
E00024825,59.6,27.4,11,0.7,1.4
E00024827,49.2,42.2,8.6,0,0
E00024828,40.4,39.3,18,2.2,0
E00024829,24.1,42.8,29,2.8,1.4
E00024830,10.6,41.7,43.4,3.8,0.4
E00024831,40.3,40.3,17.3,2.2,0
E00024832,13,52,30.5,4.5,0
E00024833,26.5,44.9,25.9,2.7,0
E00024834,32.6,52.1,14.6,0.7,0
E00024835,18.7,43.2,33.8,4.3,0
E00024836,26.2,41.5,26.9,5.4,0
E00024837,42.7,42.7,12.6,2,0
E00024853,47,41.8,8.2,3,0
E00024854,8.5,45.3,43.6,2.6,0
E00024855,30.5,52.3,17.2,0,0
E00024856,24.4,37.8,32.1,5.1,0.6
E00024857,8.6,26.9,55.9,7.5,1.1
E00024858,33.9,48.2,17,0.9,0
E00024859,60.6,29.1,9.4,0.8,0
E00024860,21.3,36.8,34.6,7.4,0
E00024861,42.5,37.8,18.1,1.6,0
E00024862,30.8,40.2,24.8,3.4,0.9
E00024863,60.3,28.4,11.2,0,0
E00024864,27.4,42.5,26.5,3.5,0
E00024865,45.8,35.9,15.3,3.1,0
E00024866,36,40.7,18,5.3,0
E00024867,20.1,32.5,40.3,5.2,1.9
E00024868,28.1,45.6,25.4,0.9,0
E00024870,35.2,43.7,19.7,1.4,0
E00024871,16,37.6,42.4,3.2,0.8
E00024872,20.3,44.2,31.9,2.9,0.7
E00024873,7,50,40.4,2.6,0
E00024874,56.8,39.4,3.8,0,0
E00024875,8.6,39.3,51.4,0.7,0
E00024876,46.7,44.2,8.3,0.8,0
E00024877,38.8,44.2,14,2.3,0.8
E00024878,34.4,50.4,15.3,0,0
E00024879,41.5,46.7,10.4,1.5,0
E00024880,26.3,33.1,34.4,5,1.3
E00024881,45.3,39.6,12.9,2.2,0
E00024882,44,39.2,15.2,1.6,0
E00024883,46.6,37.4,15.3,0.8,0
E00024884,12.4,52.9,33.3,0.7,0.7
E00024885,32.6,41.8,22.7,2.8,0
E00024886,21.8,46,30.6,1.6,0
E00024887,53.7,33.1,11.8,0.7,0.7
E00024888,23.1,42.3,33.1,1.5,0
E00024889,51.2,33.9,11,3.1,0.8
E00024891,38.8,47,14.2,0,0
E00024892,44.4,41.9,13.7,0,0
E00024893,24.6,31.5,33.1,8.5,2.3
E00024894,60.2,26.6,13.3,0,0
E00024896,8.2,36.1,50.5,5.2,0
E00024897,27.8,38.3,24.1,7.5,2.3
E00024898,19.2,40,34.2,5,1.7
E00024899,15.8,49.2,25.8,8.3,0.8
E00024900,10.3,55.1,28.8,5.8,0
E00024901,45.2,30.8,18.3,5.8,0
E00024903,56.1,27.6,13.3,3.1,0
E00024904,71.7,21.2,6.2,0.9,0
E00024905,52.8,36.1,11.1,0,0
E00024906,46.8,24.6,27,1.6,0
E00024908,36.2,40.5,19.8,2.6,0.9
E00024909,51.6,30.2,15.1,0.8,2.4
E00024911,19.9,59.6,16.9,3.7,0
E00024912,24,43,31.4,1.7,0
E00024914,22.7,52.3,24.2,0.8,0
E00024916,35.7,47,13.9,3.5,0
E00024918,25,50.8,20.5,3,0.8
E00024919,21.6,33.6,35.2,7.2,2.4
E00024925,31,34.5,21.2,9.7,3.5
E00024926,7,50.8,33.2,7,2.1
E00024929,20.2,19.3,49.6,10.1,0.8
E00024930,28.8,25.9,38.8,5,1.4
E00024932,15.7,31.3,42.6,9.6,0.9
E00024933,31,33.1,29.6,5.6,0.7
E00024934,9,47.9,38.9,3.5,0.7
E00024935,11.7,43.8,42.2,2.3,0
E00024937,11.9,61.9,23.8,2.4,0
E00024938,15.6,39.3,40.5,3.5,1.2
E00024939,35.3,47.1,16.8,0.8,0
E00024940,25.6,35.2,37.6,0.8,0.8
E00024941,53.6,30.4,13.4,2.7,0
E00024942,35,30,32.1,2.9,0
E00024943,37.2,35.5,23.1,4.1,0
E00024944,41.4,38.3,15.8,2.3,2.3
E00024945,22.4,42.4,30.4,4.8,0
E00024946,16.3,28.1,52.6,2.2,0.7
E00024947,22,42.6,29.2,6.2,0
E00024948,40.2,45.1,11.5,3.3,0
E00024949,9.8,58.5,29.3,2.4,0
E00024950,7.7,39.4,47.1,2.9,2.9
E00024951,44.9,29.4,25,0,0.7
E00024952,19.9,25.7,44.9,9.6,0
E00024953,21.5,27.7,33.1,12.3,5.4
E00024954,16.4,39.1,40.6,3.9,0
E00024955,12.1,19.7,65.9,2.3,0
E00024956,12.9,27.1,49.3,8.6,2.1
E00024958,10.4,45.5,39.6,3.9,0.6
E00024959,4.9,40.7,51.2,3.3,0
E00024960,21.5,51,25.5,1.3,0.7
E00024961,15.9,35.7,44.6,3.2,0.6
E00024962,40.8,38.5,17.7,2.3,0.8
E00024963,21.3,50.7,25,2.9,0
E00024964,20.3,44.7,33.3,1.6,0
E00024965,12.9,33.9,49.2,3.2,0.8
E00025009,14,35.1,36.8,13.2,0.9
E00025015,16.2,28.5,46.2,6.9,2.3
E00025017,26.1,31.9,34.5,6.7,0.8
E00025022,24.7,46.4,27.1,1.2,0.6
E00025034,16.5,40.2,33.1,10.2,0
E00025037,61.7,29.2,8.3,0.8,0
E00025038,70,18.3,10,1.7,0
E00025039,17,52.6,25.2,5.2,0
E00025040,54.4,40.4,5.3,0,0
E00025041,48,41.5,10.6,0,0
E00025042,51.6,34.9,11.9,0.8,0.8
E00025043,16.1,44.9,29.7,5.9,3.4
E00025044,49.6,29.2,21.2,0,0
E00025045,60.7,27.4,11.9,0,0
E00025046,67.2,22.4,9.6,0.8,0
E00025047,23,33.6,35.4,8,0
E00025048,51.3,38.7,9.2,0.8,0
E00025049,4.4,40.7,54,0,0.9
E00025050,47.5,41.7,10.8,0,0
E00025051,75.4,20.5,4.1,0,0
E00025052,37.1,49.2,13.7,0,0
E00025053,38.5,45.2,14.1,2.2,0
E00025054,13.4,24.8,58.4,2.7,0.7
E00025055,56.2,27.7,10.2,4.4,1.5
E00025056,28.8,10.8,58.6,1.8,0
E00025057,50,37.9,12.1,0,0
E00025058,35.7,47.6,12.7,4,0
E00025059,36.1,21.3,34.8,6.5,1.3
E00025060,66.9,26.8,6.3,0,0
E00025061,56.7,40.8,2.5,0,0
E00025062,80.4,14.5,5.1,0,0
E00025063,62.2,29.1,8.7,0,0
E00025064,53.5,39.4,4.9,2.1,0
E00025065,40.5,38.8,19,0.9,0.9
E00025066,52.5,43.2,4.2,0,0
E00025067,35.5,13.1,50.5,0.9,0
E00025068,11.9,38.9,42.7,3.8,2.7
E00025069,75.9,20.5,3.6,0,0
E00025070,21.4,23.6,50,5,0
E00025071,19.7,43.1,31.4,5.8,0
E00025072,13,44.3,35.1,7.6,0
E00025086,9.9,50,33.3,6.2,0.6
E00025111,77.3,17.6,1.7,3.4,0
E00025112,65.6,20.3,12.5,0.8,0.8
E00025113,75.2,21.9,2.9,0,0
E00025114,19.8,52.3,22.7,5.2,0
E00025115,64.9,22.8,11.4,0.9,0
E00025116,38.3,35.8,18.3,6.7,0.8
E00025117,41.4,40.1,17.6,0.9,0
E00025118,63.9,33.8,2.3,0,0
E00025119,29.1,29.7,35.1,5.4,0.7
E00025120,65.5,26.9,6.7,0.8,0
E00025121,34.4,32,27.2,6.4,0
E00025122,7.7,30.8,51,10.6,0
E00025123,54.1,22.1,21.3,0.8,1.6
E00025124,39.3,23.4,36.4,0.9,0
E00025125,77.8,18.8,2.6,0.9,0
E00025126,45.4,41.5,12.3,0.8,0
E00025127,42.9,42.9,12.7,1.6,0
E00025128,62.1,25.9,11.2,0.9,0
E00025129,56.6,28.3,11.5,1.8,1.8
E00025130,54.6,33.8,11.5,0,0
E00025131,39.3,42.9,17,0.9,0
E00025132,6.1,43.5,44.3,6.1,0
E00025133,13.1,34,43.8,7.8,1.3
E00025134,63.5,20.9,13,2.6,0
E00025135,32.8,57.3,9.9,0,0
E00025136,32.2,45,21.3,1.4,0
E00025137,29.7,53.5,14.8,1.9,0
E00025138,34.3,41.4,22.1,0.7,1.4
E00025139,20.6,51.9,22.9,4.6,0
E00025140,21.9,53.8,21.3,3.1,0
E00025141,14.5,44.7,37.1,3.1,0.6
E00025142,55.6,34.4,10,0,0
E00025143,37.7,43.4,17.2,1.6,0
E00025144,14.7,51.2,29.5,3.9,0.8
E00025145,22.6,40.9,30.6,5.9,0
E00025146,26.2,48.7,23.6,1,0.5
E00025147,13.5,53.4,30.4,2.7,0
E00025148,8.3,48.9,40,2.8,0
E00025185,40,46.4,12.8,0,0.8
E00025186,23.1,36.6,33.6,4.5,2.2
E00025187,34,50,14.6,1.4,0
E00025188,30.6,44.4,25,0,0
E00025189,7.6,23.8,61.9,6.7,0
E00025190,47.1,36.1,16.8,0,0
E00025191,60.7,27.9,10.7,0.8,0
E00025192,30.8,45.9,21.8,1.5,0
E00025193,38.4,47,14.6,0,0
E00025194,16.7,27,43.7,10.3,2.4
E00025195,29.4,39.3,27,4.3,0
E00025197,26.4,28.1,43,1.7,0.8
E00025198,32.5,33.3,29.4,4,0.8
E00025199,53.7,25.6,17.4,0.8,2.5
E00025200,34.2,38.5,20.5,5,1.9
E00025201,26.9,29.2,36.2,4.6,3.1
E00025202,8.2,34,46.4,9.3,2.1
E00025203,6.5,47.5,36,9.4,0.7
E00025204,26.8,30.1,30.9,4.9,7.3
E00025205,8.7,39.9,48.6,2.2,0.7
E00025206,9.9,52.1,35.2,2.8,0
E00025207,11.3,22.7,60,3.3,2.7
E00025208,12.3,48.7,32.3,4.1,2.6
E00025209,6.8,47.9,29.9,12.8,2.6
E00025210,12.9,28.2,36.5,18.2,4.1
E00025211,10.5,34.5,38.6,14,2.3
E00025212,32.7,45.5,21.8,0,0
E00025213,14.7,38.8,44,1.7,0.9
E00025214,53.1,35.2,11,0.7,0
E00025215,39.5,37.2,18.6,4.7,0
E00025216,44.6,36.4,18.2,0,0.8
E00025217,65.5,25.4,7.7,1.4,0
E00025218,51.1,36.3,9.6,2.2,0.7
E00025219,82.1,14.2,3.8,0,0
E00025220,60.9,26.1,11.3,1.7,0
E00025221,15.3,20.4,61.3,2.2,0.7
E00025222,35.9,51.6,10.9,1.6,0
E00025223,48.6,38.5,11.9,0.9,0
E00025224,48.5,35.6,14.4,1.5,0
E00025225,41.2,35.9,19.1,2.3,1.5
E00025227,32,43.1,22.7,2.2,0
E00025228,18.6,39.5,40.3,1.6,0
E00025230,12.1,31.4,53.6,2.9,0
E00025231,20.2,19.3,56.3,2.5,1.7
E00025232,18.5,37.9,40.3,2.4,0.8
E00025233,15.6,19.1,63.1,1.4,0.7
E00025234,43,31.6,21.9,0.9,2.6
E00025235,23,51.6,23.8,1.6,0
E00025236,54.7,36.9,7.9,0.5,0
E00025237,42.6,43.4,13.2,0.8,0
E00025238,26.5,45.6,27.2,0.7,0
E00025239,51.5,23.8,23.8,0.8,0
E00025240,31,55.7,11.4,1.9,0
E00025241,50,36.4,11.9,1.7,0
E00025242,76.9,19.8,2.5,0.8,0
E00025243,76.3,17.8,4.2,0.8,0.8
E00025244,43.5,47.1,8.7,0.7,0
E00025245,22.4,56.6,18.2,2.8,0
E00025246,24.1,40.4,32.6,2.8,0
E00025247,77,16.4,6.6,0,0
E00025248,27.6,53.4,16.4,2.6,0
E00025249,10.7,42.9,42.9,2.7,0.9
E00025250,75,19.2,5,0.8,0
E00025252,74.8,19.3,5.9,0,0
E00025253,5.1,28.3,61.6,4.3,0.7
E00025254,11.7,51.4,31.1,4.5,1.4
E00025255,33,27.8,33.9,5.2,0
E00025256,52.2,31.2,14.5,2.2,0
E00025257,55,29.3,14.3,1.4,0
E00025258,32.5,35.7,29.4,2.4,0
E00025259,20.8,33.6,37.6,6.4,1.6
E00025260,50.7,36.8,11.8,0.7,0
E00025261,21,46,25,5.6,2.4
E00025262,24.8,36.6,36.6,1.4,0.7
E00025263,9,39.8,39.8,11.3,0
E00025264,19.3,42.9,34.5,3.4,0
E00025265,16.1,54.2,25.8,2.6,1.3
E00025266,33.6,56,10.4,0,0
E00025267,10.2,51.6,34.4,3.1,0.8
E00025268,14.5,13.6,69.1,2.7,0
E00025269,5.4,41.1,51.8,1.8,0
E00025270,7.8,48.2,37.6,5.7,0.7
E00025271,11.2,43.4,42,3.5,0
E00025272,15.3,18.6,57.6,7.6,0.8
E00025273,16.8,43.4,31.5,7,1.4
E00025274,46.9,37.7,13.8,1.5,0
E00025275,22.9,45.8,27.1,4.2,0
E00025276,33.1,41.9,21.8,3.2,0
E00025277,14.9,51.8,27.7,5.7,0
E00025278,19.7,47.2,27.5,4.9,0.7
E00025279,53.7,34.9,10.7,0.7,0
E00025280,41.5,42.1,13.4,3,0
E00025281,11.3,42.5,39.6,6.6,0
E00025282,38.9,38.9,21.4,0.8,0
E00025284,28.8,40.6,25.6,4.4,0.6
E00025285,61.8,27.9,8.8,1.5,0
E00025286,15,49.6,29.1,6.3,0
E00025287,51.6,39.1,9.4,0,0
E00025288,23,25.7,44.2,7.1,0
E00025289,32.9,36.3,26,4.1,0.7
E00025290,27.6,43.3,26.9,2.2,0
E00025291,20.6,36.5,41.3,0.8,0.8
E00025292,38.1,43.4,14.2,4.4,0
E00025293,32,42.5,25.5,0,0
E00025294,51.9,29.5,17.1,1.6,0
E00025295,50.8,33.6,12.3,3.3,0
E00025296,74.1,19.4,4.6,1.9,0
E00025297,6.3,55.6,34.1,4,0
E00025298,52.5,30.5,14.4,2.5,0
E00025299,23.9,47.2,25.4,3.5,0
E00025300,30.9,32.5,32.5,2.4,1.6
E00025301,20.9,37.2,39.5,2.3,0
E00025302,37.1,37.9,23.3,1.7,0
E00025303,24.3,59.8,15.9,0,0
E00025304,53.1,35,11.2,0.7,0
E00025305,41.5,46.3,11.6,0,0.6
E00025306,46.2,43.1,7.7,3.1,0
E00025307,36.3,52.4,10.5,0.8,0
E00025309,67,26.1,6.1,0.9,0
E00025310,31,43.1,23.3,1.7,0.9
E00025311,33.1,54.3,12,0,0.6
E00025312,34.2,41,20.5,4.3,0
E00025313,27.9,40.4,30.9,0.7,0
E00025314,30.8,51.1,18,0,0
E00025315,52.6,34.2,13.2,0,0
E00025316,53.2,33.3,12.3,1.2,0
E00025317,47,41,10.3,1.7,0
E00025318,57.3,29.1,10.9,2.7,0
E00025319,70.8,19.8,7.5,0.9,0.9
E00025320,42.6,32.2,20,4.3,0.9
E00025321,37.3,49.2,12.7,0.8,0
E00025322,37.3,39.4,23.2,0,0
E00025323,74.8,19.3,5.2,0.7,0
E00025324,8.6,47.6,38.1,4.8,1
E00025325,67,20,9,3,1
E00025326,24.5,37.8,32.9,4.9,0
E00025327,5,12.5,76.3,6.3,0
E00025328,40.5,40.5,18.3,0.8,0
E00025329,6.5,18,66.9,7.9,0.7
E00025330,6.7,18.7,68.7,6,0
E00025331,9.8,42.1,43.9,3.7,0.6
E00025332,6.8,19.7,72.1,1.4,0
E00025333,28.5,31.4,36.5,3.6,0
E00025334,9.2,27,53.9,9.2,0.7
E00025335,36.7,49.2,14.2,0,0
E00025336,45.1,44.2,9.7,0.9,0
E00025337,37.1,38,22.3,2.6,0
E00025339,72.5,22.9,4.6,0,0
E00025341,22.9,41.9,33.3,1.9,0
E00025342,45.8,42,10.7,1.5,0
E00025343,20.1,32.5,43.8,1.8,1.8
E00025344,13.4,44.1,37.8,3.9,0.8
E00025345,7.3,21.3,62.8,8.5,0
E00025346,20.9,64.3,12.2,0,2.6
E00025347,8.6,42.9,37.1,10.5,1
E00025348,18,53.4,27,1.6,0
E00025349,11.6,27.3,56.2,4.1,0.8
E00025351,52.8,36.1,9.3,1.9,0
E00025352,7.2,44.1,45.4,3.3,0
E00025353,8.5,29.1,56.4,5.1,0.9
E00025354,25.9,36.1,36.1,1.9,0
E00025355,57.9,35.1,6.1,0.9,0
E00025356,51.7,35.6,11.9,0.8,0
E00025357,17.1,35.5,36.2,7.9,3.3
E00025359,34.1,46.3,17.1,1.6,0.8
E00025360,11.6,35.5,43.5,9.4,0
E00025361,70.5,24.2,3,2.3,0
E00025362,27.2,58.1,14.7,0,0
E00025363,48.8,39.7,9.9,1.7,0
E00025364,23.7,26.7,42,6.9,0.8
E00025365,24.6,54,18.5,2.4,0.4
E00025366,40.7,31.5,26.9,0.9,0
E00025367,35,28.3,29.2,5,2.5
E00025368,17.1,27.6,47.2,7.3,0.8
E00025370,34.8,29.5,33,2.7,0
E00025371,49.5,21.4,25.2,3.9,0
E00025372,37.4,45,15.3,2.3,0
E00025373,37.3,44.8,16.4,1.5,0
E00025374,12.6,48.6,36,2.7,0
E00025375,34.6,32.4,29.4,3.7,0
E00025376,65.8,27.4,5.1,1.7,0
E00025377,72.4,21.1,6.6,0,0
E00025378,70.6,20.3,9.2,0,0
E00025379,34.7,37.2,26.4,1.7,0
E00025380,30.5,45.8,22.9,0.8,0
E00025381,56,36.8,7.2,0,0
E00025382,47.2,32.6,19.1,1.1,0
E00025386,45,42.6,11.6,0.8,0
E00025398,26.4,36.3,34.1,3.3,0
E00025402,62.3,31.1,6.6,0,0
E00025403,15.9,44.4,38.9,0.8,0
E00025404,34.4,47.7,15.6,2.3,0
E00025405,17,51.1,28.9,3,0
E00025406,20.8,46.1,31.2,1.9,0
E00025407,28.7,36.4,33.6,1.4,0
E00025409,57.1,35.7,4.8,1.8,0.6
E00025410,26.7,44,25,4.3,0
E00025411,56.1,29.3,13.4,1.2,0
E00025412,21.6,55.2,22.4,0.9,0
E00025413,53.8,32.8,13.4,0,0
E00025414,57.5,31.3,10.4,0.7,0
E00025415,67.9,27.6,3.2,1.3,0
E00025416,49.1,37.7,10.4,1.9,0.9
E00025417,51.5,38.5,10,0,0
E00025418,71.4,21.4,7.1,0,0
E00025419,50,37.5,12.5,0,0
E00025420,65.6,27.2,7.3,0,0
E00025421,47.7,38.3,11.7,2.3,0
E00025422,46.6,32.8,19.1,0.8,0.8
E00025423,13.2,39.5,40.3,7,0
E00025424,21.8,33.3,31.4,9.6,3.8
E00025427,15.2,28.8,25,16.7,14.4
E00025430,19.1,34.8,28.7,11.3,6.1
E00025432,9.7,11.9,62.7,14.2,1.5
E00025433,16.8,45.8,27.5,9.2,0.8
E00025434,19.8,47.1,25.6,5,2.5
E00025435,17.9,41,29.9,6.8,4.3
E00025436,15.2,31.5,44.9,4.5,3.9
E00025437,10.6,17.9,62.6,4.9,4.1
E00025438,17.6,52.1,25.5,3,1.8
E00025439,20.8,34,26.4,13.9,4.9
E00025440,23,34.4,33.6,5.7,3.3
E00025441,37.4,32.8,21.4,3.8,4.6
E00025442,12.3,30.8,50.8,6.2,0
E00025443,9.9,38.8,44.6,5.8,0.8
E00025444,20,29.6,28,19.2,3.2
E00025445,7.8,49.1,31,8.6,3.4
E00025447,28.3,34.2,29.2,7.5,0.8
E00025448,17.7,50.8,29.2,2.3,0
E00025449,45.3,36.3,16.8,1.7,0
E00025450,39.7,20.7,31.4,7.4,0.8
E00025451,59.2,25,15,0.8,0
E00025452,3.6,9,82.9,4.5,0
E00025453,33.1,37.7,27.8,0.7,0.7
E00025454,27.3,31.3,34.4,4.7,2.3
E00025455,49.1,25.9,23.1,1.9,0
E00025456,7.9,34.3,51.7,6.2,0
E00025457,32.4,28.8,36.9,0,1.8
E00025532,37.3,48.3,12.7,0,1.7
E00025533,73.6,20.8,5.6,0,0
E00025534,23.7,50.8,22.9,2.5,0
E00025535,57.8,34.7,6.9,0.6,0
E00025536,67.7,22.3,9.2,0.8,0
E00025537,52.4,37.9,8.1,1.6,0
E00025538,69.4,22.6,5.6,2.4,0
E00025539,49,38.2,11.5,0.6,0.6
E00025540,63.4,28.5,6.5,1.6,0
E00025541,53.1,40,6.9,0,0
E00025542,43.5,29.2,26.7,0.6,0
E00025543,52.5,38.3,8.5,0.7,0
E00025544,46.3,43.9,8.9,0.8,0
E00025545,70.7,22.9,5.7,0.7,0
E00025546,39.2,42.4,18.4,0,0
E00025547,63.3,30.3,5.5,0,0.9
E00025548,56.7,34.6,8.7,0,0
E00025549,35,52,12.2,0,0.8
E00025550,44.5,39.8,14.8,0.8,0
E00025551,56.7,31.3,11.9,0,0
E00025552,33.1,51.3,14.9,0,0.6
E00025553,50.4,36.4,10.7,2.5,0
E00025554,35.3,47.9,16.8,0,0
E00025555,9.3,27.9,61.4,1.4,0
E00025556,36.9,44,18.4,0.7,0
E00025557,47.5,38.8,13.1,0.6,0
E00025558,40.3,45.2,12.9,1.6,0
E00025559,20.3,51.6,24.2,3.9,0
E00025560,37,42.9,19.3,0.8,0
E00025561,27.9,48.1,22.7,1.3,0
E00025562,55.1,35.5,9.3,0,0
E00025563,29.8,43.5,24.4,2.3,0
E00025564,51.3,36.8,11.1,0.9,0
E00025565,50.9,38.8,10.3,0,0
E00025566,43.4,38.9,15.7,1.5,0.5
E00025567,21.5,38.5,33.8,6.2,0
E00025568,54.1,36.9,9,0,0
E00025569,19.3,54.3,26.4,0,0
E00025570,37.8,39.3,20,3,0
E00025573,64.6,22.3,11.5,1.5,0
E00025575,54.8,29.4,14.3,1.6,0
E00025577,38.4,34.4,24,3.2,0
E00025578,40.8,35.2,20.4,3.5,0
E00025579,56.9,30,8.5,3.8,0.8
E00025580,19.4,50.2,29.9,0.5,0
E00025581,46.7,32.8,20.4,0,0
E00025582,46.6,36.6,16,0.8,0
E00025584,31.3,50.4,18.3,0,0
E00025585,31.4,30.6,30.6,5.8,1.7
E00025586,20.9,53.5,21.9,3.7,0
E00025588,49.1,27.3,22.7,0.9,0
E00025593,40.2,41.8,18,0,0
E00025594,56.4,35,7.7,0,0.9
E00025596,59,27,13.1,0.8,0
E00025602,45.3,31.7,20.9,2.2,0
E00025603,18.5,36.3,43,2.2,0
E00063649,47.5,39,12.7,0.8,0
E00063650,66.2,21.4,11.7,0.6,0
E00063653,59.8,28,11.4,0.8,0
E00063657,31.1,56.6,12.3,0,0
E00063659,40.3,42.5,15.7,1.5,0
E00171673,1.2,26.5,69.1,2.5,0.6
E00171674,5,43.8,45.5,5.8,0
E00171675,5.4,47.3,47.3,0,0
E00171676,13.3,45.9,38.8,2,0
E00171677,20.6,41.2,36.8,1.5,0
E00171678,20.5,40.9,35.2,3.4,0
E00171679,41,39,19,1,0
E00171680,17,59,20,3,1
E00171681,3.1,42.3,45.4,5.2,4.1
E00171682,7.6,52.4,37.1,2.9,0
E00171683,21,55.5,20.2,3.4,0
E00171684,20.2,53.9,24.3,1.6,0
E00171685,12.9,54.5,27.7,3,2
E00171686,41.7,45.7,12.6,0,0
E00171687,19.7,38.7,36.4,5.2,0
E00171688,29.2,36.9,30.8,3.1,0
E00171689,53.4,32.2,11,3.4,0
E00171690,49,39,8,2,2
E00171691,23,44.2,26.5,6.2,0
E00171692,4.8,31,54,7.9,2.4
E00171693,10.2,16.7,70.4,1.9,0.9
E00171694,37.9,37.9,20.7,2.6,0.9
E00171695,2.4,39,57,1.6,0
E00171711,6.1,45.9,40.8,5.1,2
E00171713,25,44.4,25,4.2,1.4
E00171714,39.7,36.2,23.3,0.9,0
E00171715,25,21.1,48.4,5.5,0
E00171716,43.9,41.7,12.2,2.2,0
E00171717,18.2,42.4,39.4,0,0
E00171718,37.7,31.1,23.6,6.6,0.9
E00181417,16.5,32.9,44.3,5.1,1.3
E00181427,14,32.5,32.5,16.7,4.4
E00181428,12.6,20.7,43.7,23,0
E00181430,8,43.1,44.5,4.4,0
E00181435,12.5,28.6,28.6,14.3,16.1
E00181442,43.3,43.3,10.6,2.8,0
E00181446,32.9,34.3,27.1,5.7,0
E00181448,29.9,17.9,11.9,4.5,35.8
E00181451,48.6,34,17.4,0,0
E00181452,1.7,73.3,23.3,1.7,0
E00181453,16.7,29.6,33.3,3.7,16.7
E00181460,25,45.2,23.4,3.2,3.2
E00181462,9,31.3,38.8,11.9,9
E00181463,6.3,20,68.8,5,0
E00181469,17.7,29.1,36.7,15.2,1.3
E00181470,1.2,18.6,76.7,3.5,0
E00181471,6.2,18.5,51.9,23.5,0
E00181473,13.4,19.7,31.5,22.8,12.6
E00181475,16.3,26.5,16.3,8.2,32.7
E00181476,19.7,42.3,32.8,4.4,0.7
E00181479,27.4,30.1,23.3,4.1,15.1
E00181481,4.1,42.7,50.9,2.3,0
E00181489,16.5,19.8,17.6,6.6,39.6
E00181491,5.1,41.4,53.5,0,0
E00181494,4.7,29.1,41.7,5.5,18.9
E00181496,12.2,34.1,29.3,22,2.4
E00181499,16.4,21.8,43.6,10.9,7.3
E00181500,20,37.8,13.3,6.7,22.2
E00181501,13.2,47,35.1,2.6,2
E00181502,10.6,27.6,40.7,17.1,4.1
E00181723,6.3,47.7,37.5,6.3,2.3
E00181730,4.8,34.1,31.7,22.2,7.1
E00181746,65.4,27.9,6.7,0,0
E00181747,18.7,38.3,37.4,5.6,0
E00181748,58.7,27.2,12,2.2,0
E00181749,64,25.2,9,1.8,0
E00181763,8.5,21.3,34,31.9,4.3
E00181766,7.9,47.4,41.6,1.6,1.6
E00181772,2,44.1,53.9,0,0
E00181780,4.6,25.4,42.3,13.8,13.8
E00181783,44.9,47.9,7.2,0,0
E00181784,65,25,10,0,0
E00181787,29.5,48.1,20.2,1.6,0.8
E00181788,0,50,45.9,3.5,0.6
E00181799,55.7,30.4,13.9,0,0
E00181803,37.4,41.8,17.6,2.2,1.1
E00181805,42.1,33.1,19.8,5,0
E00181807,0.5,25.2,67.3,5.6,1.4
E00181814,43.1,40,13.8,3.1,0
E00181816,27.9,41.2,27.2,1.5,2.2
E00181822,22.4,73.1,4.5,0,0
E00181823,11.4,15.7,67.1,4.3,1.4